Bugname,id,total pass,total fail,line no,pass cover,fail cover,suspiciousness_score,Rank,AVG Rank,High Rank
Bears,131,283,128,87,0,1,1,1,34,1
Bears,131,283,128,88,0,1,1,1,,
Bears,131,283,128,107,0,1,1,1,,
Bears,131,283,128,108,0,1,1,1,,
Bears,131,283,128,112,0,1,1,1,,
Bears,131,283,128,114,0,1,1,1,,
Bears,131,283,128,115,0,1,1,1,,
Bears,131,283,128,119,0,1,1,1,,
Bears,131,283,128,120,0,1,1,1,,
Bears,131,283,128,122,0,1,1,1,,
Bears,131,283,128,123,0,1,1,1,,
Bears,131,283,128,126,0,1,1,1,,
Bears,131,283,128,128,0,1,1,1,,
Bears,131,283,128,129,0,1,1,1,,
Bears,131,283,128,130,0,1,1,1,,
Bears,131,283,128,132,0,1,1,1,,
Bears,131,283,128,133,0,1,1,1,,
Bears,131,283,128,135,0,1,1,1,,
Bears,131,283,128,137,0,1,1,1,,
Bears,131,283,128,139,0,1,1,1,,
Bears,131,283,128,140,0,1,1,1,,
Bears,131,283,128,142,0,1,1,1,,
Bears,131,283,128,143,0,1,1,1,,
Bears,131,283,128,145,0,1,1,1,,
Bears,131,283,128,147,0,1,1,1,,
Bears,131,283,128,149,0,1,1,1,,
Bears,131,283,128,150,0,1,1,1,,
Bears,131,283,128,152,0,1,1,1,,
Bears,131,283,128,155,0,1,1,1,,
Bears,131,283,128,157,0,4,1,1,,
Bears,131,283,128,158,0,3,1,1,,
Bears,131,283,128,159,0,3,1,1,,
Bears,131,283,128,163,0,1,1,1,,
Bears,131,283,128,164,0,1,1,1,,
Bears,131,283,128,165,0,1,1,1,,
Bears,131,283,128,167,0,1,1,1,,
Bears,131,283,128,194,0,1,1,1,,
Bears,131,283,128,195,0,1,1,1,,
Bears,131,283,128,196,0,1,1,1,,
Bears,131,283,128,197,0,1,1,1,,
Bears,131,283,128,200,0,1,1,1,,
Bears,131,283,128,201,0,1,1,1,,
Bears,131,283,128,202,0,1,1,1,,
Bears,131,283,128,206,0,1,1,1,,
Bears,131,283,128,207,0,1,1,1,,
Bears,131,283,128,208,0,1,1,1,,
Bears,131,283,128,212,0,1,1,1,,
Bears,131,283,128,213,0,1,1,1,,
Bears,131,283,128,214,0,1,1,1,,
Bears,131,283,128,218,0,1,1,1,,
Bears,131,283,128,219,0,1,1,1,,
Bears,131,283,128,220,0,1,1,1,,
Bears,131,283,128,221,0,1,1,1,,
Bears,131,283,128,222,0,1,1,1,,
Bears,131,283,128,223,0,1,1,1,,
Bears,131,283,128,224,0,1,1,1,,
Bears,131,283,128,311,0,1,1,1,,
Bears,131,283,128,315,0,1,1,1,,
Bears,131,283,128,317,0,1,1,1,,
Bears,131,283,128,318,0,1,1,1,,
Bears,131,283,128,320,0,1,1,1,,
Bears,131,283,128,321,0,1,1,1,,
Bears,131,283,128,335,0,1,1,1,,
Bears,131,283,128,336,0,1,1,1,,
Bears,131,283,128,40,7,128,0.975862069,2,,
Bears,131,283,128,41,7,128,0.975862069,2,,
Bears,131,283,128,89,0,0,0,67,,
Bears,131,283,128,90,0,0,0,67,,
Bears,131,283,128,91,0,0,0,67,,
Bears,131,283,128,92,0,0,0,67,,
Bears,131,283,128,93,0,0,0,67,,
Bears,131,283,128,94,0,0,0,67,,
Bears,131,283,128,95,0,0,0,67,,
Bears,131,283,128,96,0,0,0,67,,
Bears,131,283,128,97,0,0,0,67,,
Bears,131,283,128,98,0,0,0,67,,
Bears,131,283,128,99,0,0,0,67,,
Bears,131,283,128,100,0,0,0,67,,
Bears,131,283,128,101,0,0,0,67,,
Bears,131,283,128,102,0,0,0,67,,
Bears,131,283,128,103,0,0,0,67,,
Bears,131,283,128,104,0,0,0,67,,
Bears,131,283,128,105,0,0,0,67,,
Bears,131,283,128,106,0,0,0,67,,
Bears,131,283,128,116,0,0,0,67,,
Bears,131,283,128,124,0,0,0,67,,
Bears,131,283,128,168,0,0,0,67,,
Bears,131,283,128,169,0,0,0,67,,
Bears,131,283,128,170,0,0,0,67,,
Bears,131,283,128,171,0,0,0,67,,
Bears,131,283,128,172,0,0,0,67,,
Bears,131,283,128,173,0,0,0,67,,
Bears,131,283,128,174,0,0,0,67,,
Bears,131,283,128,175,0,0,0,67,,
Bears,131,283,128,176,0,0,0,67,,
Bears,131,283,128,177,0,0,0,67,,
Bears,131,283,128,178,0,0,0,67,,
Bears,131,283,128,179,0,0,0,67,,
Bears,131,283,128,180,0,0,0,67,,
Bears,131,283,128,181,0,0,0,67,,
Bears,131,283,128,182,0,0,0,67,,
Bears,131,283,128,183,0,0,0,67,,
Bears,131,283,128,184,0,0,0,67,,
Bears,131,283,128,185,0,0,0,67,,
Bears,131,283,128,186,0,0,0,67,,
Bears,131,283,128,187,0,0,0,67,,
Bears,131,283,128,188,0,0,0,67,,
Bears,131,283,128,189,0,0,0,67,,
Bears,131,283,128,190,0,0,0,67,,
Bears,131,283,128,191,0,0,0,67,,
Bears,131,283,128,192,0,0,0,67,,
Bears,131,283,128,193,0,0,0,67,,
Bears,131,283,128,203,0,0,0,67,,
Bears,131,283,128,204,0,0,0,67,,
Bears,131,283,128,205,0,0,0,67,,
Bears,131,283,128,225,0,0,0,67,,
Bears,131,283,128,227,0,0,0,67,,
Bears,131,283,128,228,0,0,0,67,,
Bears,131,283,128,229,0,0,0,67,,
Bears,131,283,128,234,0,0,0,67,,
Bears,131,283,128,237,0,0,0,67,,
Bears,131,283,128,240,0,0,0,67,,
Bears,131,283,128,241,0,0,0,67,,
Bears,131,283,128,243,0,0,0,67,,
Bears,131,283,128,244,0,0,0,67,,
Bears,131,283,128,245,0,0,0,67,,
Bears,131,283,128,246,0,0,0,67,,
Bears,131,283,128,249,0,0,0,67,,
Bears,131,283,128,251,0,0,0,67,,
Bears,131,283,128,253,0,0,0,67,,
Bears,131,283,128,254,0,0,0,67,,
Bears,131,283,128,255,0,0,0,67,,
Bears,131,283,128,257,0,0,0,67,,
Bears,131,283,128,259,0,0,0,67,,
Bears,131,283,128,260,0,0,0,67,,
Bears,131,283,128,262,0,0,0,67,,
Bears,131,283,128,264,0,0,0,67,,
Bears,131,283,128,266,0,0,0,67,,
Bears,131,283,128,267,0,0,0,67,,
Bears,131,283,128,269,0,0,0,67,,
Bears,131,283,128,270,0,0,0,67,,
Bears,131,283,128,272,0,0,0,67,,
Bears,131,283,128,274,0,0,0,67,,
Bears,131,283,128,276,0,0,0,67,,
Bears,131,283,128,277,0,0,0,67,,
Bears,131,283,128,279,0,0,0,67,,
Bears,131,283,128,284,0,0,0,67,,
Bears,131,283,128,286,0,0,0,67,,
Bears,131,283,128,287,0,0,0,67,,
Bears,131,283,128,288,0,0,0,67,,
Bears,131,283,128,290,0,0,0,67,,
Bears,131,283,128,292,0,0,0,67,,
Bears,131,283,128,295,0,0,0,67,,
Bears,131,283,128,296,0,0,0,67,,
Bears,131,283,128,297,0,0,0,67,,
Bears,131,283,128,298,0,0,0,67,,
Bears,131,283,128,299,0,0,0,67,,
Bears,131,283,128,300,0,0,0,67,,
Bears,131,283,128,301,0,0,0,67,,
Bears,131,283,128,303,0,0,0,67,,
Bears,131,283,128,304,0,0,0,67,,
Bears,131,283,128,305,0,0,0,67,,
Bears,131,283,128,308,0,0,0,67,,
Bears,131,283,128,322,0,0,0,67,,
Bears,131,283,128,323,0,0,0,67,,
Bears,131,283,128,324,0,0,0,67,,
Bears,131,283,128,325,0,0,0,67,,
Bears,131,283,128,326,0,0,0,67,,
Bears,131,283,128,327,0,0,0,67,,
Bears,131,283,128,328,0,0,0,67,,
Bears,131,283,128,329,0,0,0,67,,
Bears,131,283,128,330,0,0,0,67,,
Bears,131,283,128,332,0,0,0,67,,
Bears,131,283,128,333,0,0,0,67,,
Bears,131,283,128,334,0,0,0,67,,